{
  "algorithm": "kmeans",
  "requested_n_clusters": 3,
  "cluster_labels": [
    1,
    1,
    1,
    2,
    2,
    1,
    2,
    1,
    2,
    1,
    2,
    2,
    2,
    2,
    1,
    1,
    1,
    1,
    0,
    0,
    0,
    0,
    0,
    2,
    0,
    0,
    0,
    2,
    0,
    2,
    0,
    0,
    0,
    0,
    0,
    0,
    0,
    0,
    0,
    0,
    0,
    1,
    2,
    0,
    0,
    0,
    0,
    2,
    1,
    1,
    0,
    0,
    0,
    0,
    0,
    2,
    2,
    2,
    2,
    0,
    0,
    0,
    0,
    1,
    0,
    2,
    0,
    1,
    1,
    1,
    1,
    1,
    2,
    1,
    1,
    1,
    0,
    0,
    0,
    2,
    2,
    0,
    1,
    1,
    1,
    0,
    0,
    2,
    2,
    0,
    0,
    0,
    0,
    0,
    0,
    0,
    0,
    0,
    0,
    0,
    0,
    2,
    2,
    2,
    1,
    0,
    1,
    0,
    0,
    0,
    0,
    0,
    0,
    0,
    0,
    0,
    0,
    2,
    0,
    2,
    0,
    0,
    0,
    0,
    1,
    2,
    1,
    1,
    1,
    1,
    0,
    0,
    2,
    2,
    2,
    2,
    2,
    2,
    0,
    0,
    0,
    0,
    0,
    0,
    0,
    2,
    0,
    0,
    0,
    1,
    0,
    0,
    0,
    0,
    0,
    0,
    0,
    0,
    1,
    1,
    0,
    0,
    0,
    0,
    0,
    2,
    2,
    2,
    2,
    2,
    2,
    2,
    2,
    0,
    0,
    0,
    0,
    0,
    1,
    1,
    1,
    1,
    0,
    0,
    1,
    0,
    0,
    0,
    1,
    0,
    0,
    1,
    1,
    0,
    2,
    1,
    2,
    1,
    2,
    1,
    1,
    1,
    1,
    1,
    1
  ],
  "cluster_centers": [
    [
      -0.09970971550621334,
      26.785046728971952,
      12.48598130841122,
      0.9065420560747665,
      2.7289719626168223,
      1.102803738317757,
      -8.673617379884035e-18,
      -0.4521652682620013,
      0.08449576864077393,
      3.0093457943925235,
      -0.4904697996099879,
      47.317757009345776,
      0.6064905609671337,
      0.5912788216505329,
      -0.5435577132315081
    ],
    [
      -0.1190339731571645,
      47.4705882352941,
      12.196078431372554,
      0.803921568627451,
      2.549019607843137,
      1.666666666666667,
      0.05882352941176469,
      0.8264927239737241,
      0.01794806864031054,
      2.9411764705882355,
      0.9594710563507969,
      19.56862745098038,
      -0.6796024911556738,
      -0.7144613076685906,
      0.9732238002041431
    ],
    [
      0.35616323808894085,
      17.723404255319146,
      11.531914893617026,
      1.0,
      2.425531914893617,
      1.4680851063829787,
      -8.673617379884035e-18,
      0.1325649953483916,
      -0.21183827117486698,
      3.106382978723404,
      0.07547329115697964,
      9.4255319148936,
      -0.6432928292456129,
      -0.5708363239469963,
      0.1814098192629803
    ]
  ],
  "inertia": 59527.483,
  "metrics": {
    "n_clusters": 3,
    "silhouette": 0.369,
    "calinski_harabasz": 137.612,
    "davies_bouldin": 0.902
  },
  "feature_names": [
    "symboling",
    "normalized-losses",
    "make",
    "fuel-type",
    "body-style",
    "drive-wheels",
    "engine-location",
    "width",
    "height",
    "engine-type",
    "engine-size",
    "horsepower",
    "city-mpg",
    "highway-mpg",
    "price"
  ]
}